sample_id,truth_label,partition,ds_calibrated_score,dm_b_raw_score,dg_raw_score,dg_native_vote,ds_source_locator,dm_b_source_locator,dg_source_locator
W2-008b77b4acd9d200d61c6f3c,0,CALIBRATION,0.00023803032718343163,0.00013270846102386713,0.0005837425705976784,0,csv_row:1,/records/136,/records/136
W2-00d26aa09b78ad824cfab6ba,0,CALIBRATION,0.0018543266476725691,0.00014097688836045563,0.000640671350993216,0,csv_row:2,/records/28,/records/28
W2-00db08cbaf4966484e4fc692,0,CALIBRATION,0.0037696920805058982,0.00013283721636980772,0.0005802028463222086,0,csv_row:3,/records/138,/records/138
W2-01df75647e2b4e9d761bb15e,0,CALIBRATION,0.004363276342379973,0.0001238899858435616,0.0007981250528246164,0,csv_row:4,/records/87,/records/87
W2-02fa174a148fe18c500f8915,0,CALIBRATION,0.024536355067919586,0.00013365187624003738,0.05319572240114212,0,csv_row:5,/records/63,/records/63
W2-032e24e2c4f06181d6316581,0,CALIBRATION,0.1608501287719444,0.00012527513899840415,0.04217761009931564,0,csv_row:6,/records/56,/records/56
W2-05861362bab0cead2e230219,0,CALIBRATION,0.02029557192305139,0.00012716361379716545,0.0005797648336738348,0,csv_row:7,/records/220,/records/220
W2-07ce1ffc5b6029a233914ef9,0,CALIBRATION,0.014976239773879192,0.00012318507651798427,0.0005792395095340908,0,csv_row:8,/records/38,/records/38
W2-095cec02b7361d83e81e2fc1,0,CALIBRATION,0.06890279097994773,0.0002646664506755769,0.0008318935870192945,0,csv_row:9,/records/165,/records/165
W2-0a5ec19edc8ce03c44530242,0,CALIBRATION,0.0058090880668757285,0.000382218073355034,0.0008391464361920953,0,csv_row:10,/records/2,/records/2
W2-0afde0c92e071d6fe228699c,0,CALIBRATION,0.04054332528977156,0.00012242882803548127,0.0009115887223742902,0,csv_row:11,/records/85,/records/85
W2-0b9b9e3b8f8f3ee6cb14db1e,0,CALIBRATION,0.061291802627061374,0.00012781510304193944,0.0005739103653468192,0,csv_row:12,/records/23,/records/23
W2-0bb0277806f81a6f62bb3d15,0,CALIBRATION,0.04541139469415401,0.00013711712381336838,0.011097772046923637,0,csv_row:13,/records/101,/records/101
W2-0c52291bb387e8207a2a54aa,0,CALIBRATION,0.0005836553167504153,0.0001453435979783535,0.000697770738042891,0,csv_row:14,/records/34,/records/34
W2-0cc7a381335edf2e7bb48266,0,CALIBRATION,0.006217131257760487,0.00012208340922370553,0.0005662544281221926,0,csv_row:15,/records/20,/records/20
W2-0d33b6f1fb0ef21b5815d34b,0,CALIBRATION,0.004054768211342702,0.00013290347123984247,0.0005618109717033803,0,csv_row:16,/records/21,/records/21
W2-107fd108a7ea1952a8277ca7,0,CALIBRATION,0.014190467970874854,0.00011945280857617036,0.8833259344100952,1,csv_row:17,/records/76,/records/76
W2-109755b90be2139cde135abf,0,CALIBRATION,0.11217767181742914,0.00013600417878478765,0.4290447235107422,0,csv_row:18,/records/65,/records/65
W2-1098eaf64ed05f67e3d778a4,0,CALIBRATION,0.011608138199429241,0.00013206036237534136,0.0007162378169596195,0,csv_row:19,/records/26,/records/26
W2-10f7968f62eac8930efc1542,0,CALIBRATION,0.11704554591751798,0.0001353565021418035,0.00895740557461977,0,csv_row:20,/records/58,/records/58
W2-12f1da2d649a063bde81583f,0,CALIBRATION,0.05617901644832932,0.00012149148096796125,0.0008591731893830001,0,csv_row:21,/records/100,/records/100
W2-13221ea399c6cdc7cad2a3d1,0,CALIBRATION,0.029433913451270836,0.00012607252574525774,0.0005774109158664942,0,csv_row:22,/records/8,/records/8
W2-13b34b2eb50400c85b74153c,0,CALIBRATION,0.009630273575180339,0.00013233718345873058,0.0007119424408301711,0,csv_row:23,/records/90,/records/90
W2-15e774c103564a5cd3609c5c,0,CALIBRATION,0.12862754249412642,0.00012878011330030859,0.0005794579046778381,0,csv_row:24,/records/22,/records/22
W2-1891c9d367c45587e2efa2a1,0,CALIBRATION,0.0817476539710855,0.0002102614671457559,0.0008804426179267466,0,csv_row:25,/records/196,/records/196
W2-18ddd073b2c9782b0b4ae344,0,CALIBRATION,0.0013446675338730783,0.00015097511641215533,0.0005903870915062726,0,csv_row:26,/records/146,/records/146
W2-196133fdf7c9c6781e12f88a,0,CALIBRATION,0.07369245109447299,0.0004967087297700346,0.2565620541572571,0,csv_row:27,/records/97,/records/97
W2-1974124c101bee786aef4470,1,CALIBRATION,0.9999988569259567,0.9993758797645569,0.010076821781694889,0,csv_row:28,/records/181,/records/181
W2-19b1662623a099497a6a95ed,1,CALIBRATION,0.45645793870842855,0.9997512698173523,0.0009309456218034029,0,csv_row:29,/records/139,/records/139
W2-1a31ce44d83b155a72dc8658,0,CALIBRATION,0.0009412311593410358,0.00012851330393459648,0.0005795650649815798,0,csv_row:30,/records/121,/records/121
W2-1ae03067d21552641e63c2d3,0,CALIBRATION,0.07101269981978246,0.00013014917203690857,0.0005945654702372849,0,csv_row:31,/records/61,/records/61
W2-1bfe2afe24207fbc3af779d4,0,CALIBRATION,0.007896801238575746,0.00013289079652167857,0.000569154741242528,0,csv_row:32,/records/151,/records/151
W2-1d0c1d42ca4b1aea39beb39c,0,CALIBRATION,0.03343292458183863,0.00014317655586637557,0.0007815819699317217,0,csv_row:33,/records/99,/records/99
W2-1d4bdf51d7a829517eb505f4,0,CALIBRATION,0.023041854463304704,0.00013012757699470967,0.0005889123422093689,0,csv_row:34,/records/84,/records/84
W2-1df94d453a93cb8f9116566c,0,CALIBRATION,0.010692269208552643,0.00012538855662569404,0.0005632649990729988,0,csv_row:35,/records/203,/records/203
W2-1e19c5f2cc789b2ec2f7a7d5,0,CALIBRATION,0.1923523855655413,0.00015088387590367347,0.0007563589606434107,0,csv_row:36,/records/176,/records/176
W2-1e8ed005bb486175104f2083,0,CALIBRATION,0.055450879538116934,0.0001339586015092209,0.005986541043967009,0,csv_row:37,/records/51,/records/51
W2-1eab6715934b702a3abf05f3,0,CALIBRATION,0.07297941518692742,0.00012808351311832666,0.0007029694970697165,0,csv_row:38,/records/103,/records/103
W2-1f2c0eaeebd6280369e00662,0,CALIBRATION,0.01720943535413312,0.00014843710232526064,0.0007554711773991585,0,csv_row:39,/records/131,/records/131
W2-1fa50c63dbd405114f03854b,0,CALIBRATION,0.07892335006324754,0.0002655144198797643,0.0007779370062053204,0,csv_row:40,/records/168,/records/168
W2-21a4371b55bf23c9b654b2d7,0,CALIBRATION,0.7001781778783698,0.0001243207516381517,0.0011112864594906569,0,csv_row:41,/records/37,/records/37
W2-2286a9802da6def28e27ad0e,0,CALIBRATION,0.021152888347236474,0.00012368342140689492,0.0005915759247727692,0,csv_row:42,/records/105,/records/105
W2-25bac4411ea49b1e90ee9747,0,CALIBRATION,0.01617763919155988,0.0001230125199072063,0.09669569879770279,0,csv_row:43,/records/81,/records/81
W2-28686e5a70d0020a82265132,0,CALIBRATION,0.0018316145854419057,0.00014001793169882149,0.0005945437005721033,0,csv_row:44,/records/33,/records/33
W2-288c8d1e3342834e9efc1e71,0,CALIBRATION,0.19754874632601704,0.000173625405295752,0.0012961203465238214,0,csv_row:45,/records/156,/records/156
W2-2aa3cb47a2722dd326f826f1,1,CALIBRATION,0.9007680679083798,0.9997732043266296,0.9898069500923157,1,csv_row:46,/records/211,/records/211
W2-2bd11b83b71e686d2124c753,1,CALIBRATION,0.07930094529712832,0.9957273006439209,0.0012401610147207975,0,csv_row:47,/records/185,/records/185
W2-2c27ae8a5b4434308b209caf,0,CALIBRATION,0.0021563838193351978,0.00013165398559067398,0.0006885026814416051,0,csv_row:48,/records/126,/records/126
W2-2c9e69c486e36b74a6717d6d,0,CALIBRATION,0.03991598968717734,0.0001254977541975677,0.0005796962068416178,0,csv_row:49,/records/18,/records/18
W2-2ebba5deb3556bc016d14939,0,CALIBRATION,0.3722634680119795,0.00016138690989464521,0.003456572536379099,0,csv_row:50,/records/184,/records/184
W2-3072a9607ab4cd93345e1893,1,CALIBRATION,0.9482893312800605,0.9991065859794617,0.004062228370457888,0,csv_row:51,/records/221,/records/221
W2-31c2c19623c021deaeea10ba,0,CALIBRATION,0.0585359419736986,0.00012195030285511166,0.16321896016597748,0,csv_row:52,/records/73,/records/73
W2-32a5110d3ff1c13738368d10,1,CALIBRATION,0.047361857848804825,0.9997695088386536,0.9983077049255371,1,csv_row:53,/records/206,/records/206
W2-33975e6cc247a9e2603703bc,0,CALIBRATION,0.03302801549913075,0.00012017611879855394,0.0024883600417524576,0,csv_row:54,/records/86,/records/86
W2-34d4db6692cbc1d4342f0ae2,0,CALIBRATION,0.0024486924974431233,0.00013253583165351301,0.0005868098814971745,0,csv_row:55,/records/14,/records/14
W2-35577505afa48e82447f8a22,0,CALIBRATION,0.006137348838439176,0.00013031209527980536,0.0005779628409072757,0,csv_row:56,/records/117,/records/117
W2-36cc272c99e060e2830a588e,0,CALIBRATION,0.06146141644632643,0.00013035608571954072,0.0009518057922832668,0,csv_row:57,/records/52,/records/52
W2-38dd36b9720929ff708bc7d2,0,CALIBRATION,0.37003747221369926,0.00015054845425765961,0.0012360692489892244,0,csv_row:58,/records/199,/records/199
W2-3c9fec6870578fdd964eeaa0,0,CALIBRATION,0.04382707928987419,0.00013459406909532845,0.00863652303814888,0,csv_row:59,/records/91,/records/91
W2-3e18c18c7e38b22a956372ff,0,CALIBRATION,0.14192951084479596,0.00015523632464464754,0.0006412039510905743,0,csv_row:60,/records/132,/records/132
W2-40a3dabfa00be9c8603f00e9,1,CALIBRATION,0.9464038929126792,0.052214570343494415,0.9883537292480469,1,csv_row:61,/records/164,/records/164
W2-41a6b0d3cc3827fc092e3bcb,0,CALIBRATION,0.02849314568950589,0.0001265659084310755,0.0009453002130612731,0,csv_row:62,/records/32,/records/32
W2-42894d8278d39658b33f44d4,0,CALIBRATION,0.003375365875635731,0.00013456851593218744,0.004383574705570936,0,csv_row:63,/records/68,/records/68
W2-43419759398063ab0ad1da30,0,CALIBRATION,0.004131210953969468,0.00011901485413545743,0.0010530329309403896,0,csv_row:64,/records/50,/records/50
W2-4626dd5c313dab3f8ace9141,0,CALIBRATION,0.03924197299043625,0.00012044343020534143,0.005380863323807716,0,csv_row:65,/records/72,/records/72
W2-46433f2e95a1177678860724,0,CALIBRATION,0.06312601365912487,0.0001176404402940534,0.0006360014085657895,0,csv_row:66,/records/114,/records/114
W2-47795cd7aa19812d0983fdc1,0,CALIBRATION,0.2682010461654726,0.00012776294897776097,0.0005889573367312551,0,csv_row:67,/records/39,/records/39
W2-490e7486e1fa1984a542afe8,0,CALIBRATION,0.6918920880180379,0.0005160265136510134,0.0008400820661336184,0,csv_row:68,/records/160,/records/160
W2-4c96387cdde82d70b413e353,0,CALIBRATION,0.007956490452189225,0.000130246247863397,0.04713945835828781,0,csv_row:69,/records/96,/records/96
W2-4d1d96108c666291823c9ec7,1,CALIBRATION,0.8594680875299332,0.9998270869255066,0.0019373566610738635,0,csv_row:70,/records/231,/records/231
W2-4d655bb108f03c2c6df5fc2c,0,CALIBRATION,0.004978497470683986,0.000126726517919451,0.0005778135382570326,0,csv_row:71,/records/135,/records/135
W2-51949126c07a9932f2601a9d,0,CALIBRATION,0.006178703124415787,0.00014704874774906784,0.0005767832626588643,0,csv_row:72,/records/189,/records/189
W2-53d6b0f3668eb75cd2f563a8,0,CALIBRATION,0.05355513387182749,0.00012425165914464742,0.0006757530500181019,0,csv_row:73,/records/55,/records/55
W2-545cb2389c0e02751a489e3b,0,CALIBRATION,0.006486385836402839,0.00012037085980409756,0.0005808508140034974,0,csv_row:74,/records/5,/records/5
W2-5729faa648e7fff6931f5245,0,CALIBRATION,0.0016401371036367735,0.0001263312587980181,0.0005711798439733684,0,csv_row:75,/records/17,/records/17
W2-586f0d457b4987962676e3b0,0,CALIBRATION,0.0005213439347074092,0.00012580522161442786,0.0005648377700708807,0,csv_row:76,/records/143,/records/143
W2-59a92753b3cbd5855e9d50bd,0,CALIBRATION,0.08542079601033947,0.0002166799531551078,0.009247029200196266,0,csv_row:77,/records/162,/records/162
W2-59c1c1c85652cee9c9c4c411,0,CALIBRATION,0.27001407489939766,0.0002805590338539332,0.13039951026439667,0,csv_row:78,/records/173,/records/173
W2-59f34d113c0c35fa009ab534,1,CALIBRATION,0.3862747836219676,0.31965264678001404,0.0008485127473250031,0,csv_row:79,/records/186,/records/186
W2-5a3209b1789ab91018384ef9,0,CALIBRATION,8.990357005723154e-14,0.0002179721195716411,0.003596593625843525,0,csv_row:80,/records/142,/records/142
W2-5b31453bfb46c53434dec001,0,CALIBRATION,0.1188850826612817,0.00011790840653702617,0.0028499921318143606,0,csv_row:81,/records/59,/records/59
W2-5ef4d9abdf861a8d25f94f68,0,CALIBRATION,0.1656829401822229,0.00022856856230646372,0.0010332674719393253,0,csv_row:82,/records/130,/records/130
W2-5f631c64e3c8c1225659ab9c,1,CALIBRATION,0.765501565858769,0.9995332956314087,0.0009393842774443328,0,csv_row:83,/records/232,/records/232
W2-61694716deb48878cebec728,0,CALIBRATION,0.02817984830758705,0.00012540948227979243,0.0006153416470624506,0,csv_row:84,/records/106,/records/106
W2-61f0f54b9ca52f96e8bb565e,0,CALIBRATION,0.003747976101103739,0.0001325038610957563,0.0005985597963444889,0,csv_row:85,/records/124,/records/124
W2-62d80ac81ef6db5ac987fa8a,0,CALIBRATION,0.04682169318321399,0.00012244949175510556,0.0006522461771965027,0,csv_row:86,/records/47,/records/47
W2-635fe716348bc59d3c01d015,0,CALIBRATION,0.06574921864780611,0.00011924306454602629,0.0005718754837289453,0,csv_row:87,/records/141,/records/141
W2-63b9629191539e149f12ce56,0,CALIBRATION,0.02115489684552498,0.00013820438471157104,0.0030841175466775894,0,csv_row:88,/records/70,/records/70
W2-6556015c652c65fc975deaad,0,CALIBRATION,0.320899716069565,0.00013961331569589674,0.001044682925567031,0,csv_row:89,/records/108,/records/108
W2-666044adfbb665ac32efed7b,1,CALIBRATION,0.25083080232223787,0.9982481002807617,0.692984402179718,1,csv_row:90,/records/188,/records/188
W2-66c0ec4e2ec0bb4af7b37c98,0,CALIBRATION,0.03737577508369882,0.00013940618373453617,0.004129147622734308,0,csv_row:91,/records/69,/records/69
W2-67649ca5b73a0a3c9ae898e5,0,CALIBRATION,0.0012055065359855837,0.00013419025344774127,0.0005757610197179019,0,csv_row:92,/records/19,/records/19
W2-677f9b1514b65769ab48d2ee,0,CALIBRATION,0.012680599873713156,0.0001210633636219427,0.0033359206281602383,0,csv_row:93,/records/67,/records/67
W2-69102f7096d6fae1a63e36e7,1,CALIBRATION,0.5947527013421644,0.9997619986534119,0.0007448497344739735,0,csv_row:94,/records/175,/records/175
W2-6952e14aca60980eff6a2c5d,0,CALIBRATION,0.014962021061860628,0.0003530286194290966,0.0012061282759532332,0,csv_row:95,/records/137,/records/137
W2-6e9556476f7ca4f608d265bd,1,CALIBRATION,0.9980965646265895,0.9998205304145813,0.0200792383402586,0,csv_row:96,/records/214,/records/214
W2-6f38185313891e8c16d8aa65,1,CALIBRATION,0.12640200938064425,0.9997840523719788,0.0011981083080172539,0,csv_row:97,/records/210,/records/210
W2-6ffce767237f642e853a5afa,1,CALIBRATION,0.8157534946823434,0.9991722106933594,0.0007269529160112143,0,csv_row:98,/records/228,/records/228
W2-71f9c520d12267dd6217a7a3,0,CALIBRATION,0.06009459180943602,0.00013533791934605688,0.0006553858402185142,0,csv_row:99,/records/46,/records/46
W2-72d9e2d029a87a1a1de2b9c1,0,CALIBRATION,0.01396034384655694,0.0001237112592207268,0.000576850026845932,0,csv_row:100,/records/223,/records/223
W2-741e0868f269f17c795a1e14,1,CALIBRATION,0.8459896799835974,0.9998325109481812,0.0007328276406042278,0,csv_row:101,/records/230,/records/230
W2-7444e2ad1eb8674333b1b1b9,0,CALIBRATION,0.008236863759888632,0.00013360180309973657,0.0006035739206708968,0,csv_row:102,/records/112,/records/112
W2-7445e8b77eaed04ea5cdb3dd,0,CALIBRATION,1.5732202605446006e-09,0.0003274334885645658,0.00427160132676363,0,csv_row:103,/records/163,/records/163
W2-750e420547ab242ce3b98436,0,CALIBRATION,0.06372701948666405,0.0001470379502279684,0.0006176678580231965,0,csv_row:104,/records/11,/records/11
W2-758a8fb63eaf225121604acb,1,CALIBRATION,0.6477166196633971,0.999346911907196,0.010842207819223404,0,csv_row:105,/records/205,/records/205
W2-765420faa1e46cea98d8d639,1,CALIBRATION,0.953983038816174,0.9998151659965515,0.0008889184682630002,0,csv_row:106,/records/218,/records/218
W2-767601ca097e20ca85521bc2,0,CALIBRATION,0.02196477564357127,0.00012198437616461888,0.0005808555288240314,0,csv_row:107,/records/7,/records/7
W2-7756771ee7e640965711d252,0,CALIBRATION,0.021788864379433153,0.00012195390445413068,0.9815048575401306,1,csv_row:108,/records/74,/records/74
W2-77c41f21712cb959b805dd21,0,CALIBRATION,0.013816321123927134,0.00013039201439823955,0.0008317179745063186,0,csv_row:109,/records/92,/records/92
W2-77fe0b68b18bab77ffe40e86,0,CALIBRATION,0.02566413038180814,0.00013265328016132116,0.000569764815736562,0,csv_row:110,/records/42,/records/42
W2-79f2c1400b81137f79fe0e1b,0,CALIBRATION,0.13900457055546503,0.00012672506272792816,0.0006505771307274699,0,csv_row:111,/records/6,/records/6
W2-7abb46bc00d3b6e991d2a412,0,CALIBRATION,0.04149393709790952,0.00013706549361813813,0.0010014161234721541,0,csv_row:112,/records/128,/records/128
W2-7b3adadc955f0e148db96c57,0,CALIBRATION,0.0005725984810794943,0.00013166390999685973,0.0005701615591533482,0,csv_row:113,/records/122,/records/122
W2-7dedf8917cf0eb9409b72e4c,0,CALIBRATION,0.4193615588171521,0.0005644175107590854,0.0006062787724658847,0,csv_row:114,/records/147,/records/147
W2-7f239939b04b99707921d6b8,1,CALIBRATION,0.6683454247082519,0.9996693134307861,0.0007030615815892816,0,csv_row:115,/records/197,/records/197
W2-801c1bfd4368836617d34ce3,0,CALIBRATION,0.8775534485575973,0.00020244480401743203,0.0010629562893882394,0,csv_row:116,/records/157,/records/157
W2-811fcd99da8d76990e5804d5,0,CALIBRATION,0.047650095888985264,0.00013212587509769946,0.0005918778479099274,0,csv_row:117,/records/44,/records/44
W2-8192cbca81b781df0e7f101b,0,CALIBRATION,0.013628163520175433,0.00012531409447547048,0.0005842474056407809,0,csv_row:118,/records/150,/records/150
W2-81f699ddc915e03d7d440b61,0,CALIBRATION,0.03198883887420027,0.00012231645814608783,0.0005771024734713137,0,csv_row:119,/records/149,/records/149
W2-8257cedbb24446c5c65b2f22,1,CALIBRATION,0.8999968778147863,0.9997616410255432,0.0007732780650258064,0,csv_row:120,/records/166,/records/166
W2-86c2548e741468a3aeac6c83,0,CALIBRATION,0.003306888914101181,0.00013764989853370935,0.0006034114048816264,0,csv_row:121,/records/123,/records/123
W2-88c33a066a7c9817605c1e82,0,CALIBRATION,0.045947325633483735,0.0002497482346370816,0.0007402636110782623,0,csv_row:122,/records/170,/records/170
W2-8920ec2d680886189107157b,0,CALIBRATION,0.031005989758989765,0.000127349907415919,0.001227379310876131,0,csv_row:123,/records/116,/records/116
W2-89e73bab61bc30bd086898fe,0,CALIBRATION,0.0026877304691969362,0.0001283384335692972,0.0006458950811065733,0,csv_row:124,/records/125,/records/125
W2-8a27ee8a3e026aad4bf23f78,1,CALIBRATION,0.5662206826964253,0.42811504006385803,0.000867444381583482,0,csv_row:125,/records/226,/records/226
W2-8a60c5035b81ae9e599027fc,0,CALIBRATION,0.03458506274640938,0.00012614890874829143,0.0014376657782122493,0,csv_row:126,/records/57,/records/57
W2-8ad9361f13648def4d912ea2,0,CALIBRATION,0.007583822513687256,0.00012891081860288978,0.016841020435094833,0,csv_row:127,/records/94,/records/94
W2-8da52e20defabef254b1e6c3,0,CALIBRATION,0.08287811477120126,0.00013815774582326412,0.0009009877685457468,0,csv_row:128,/records/178,/records/178
W2-8ea0f68d8525dc7ae91509c8,0,CALIBRATION,0.17892055267491705,0.00013390650565270334,0.0009067251230590045,0,csv_row:129,/records/154,/records/154
W2-8eccee4ec7a5c393c0849668,0,CALIBRATION,0.037074748673439274,0.0001292348897550255,0.0940236821770668,0,csv_row:130,/records/98,/records/98
W2-8f42cc9ab683cd14c977458b,0,CALIBRATION,0.022242004754769486,0.00012775539653375745,0.0039009542670100927,0,csv_row:131,/records/89,/records/89
W2-9095be1ddb0d35888983ed62,0,CALIBRATION,0.05137173616959998,0.06586690992116928,0.0007111835293471813,0,csv_row:132,/records/192,/records/192
W2-92716cf59f321c2161620f8a,1,CALIBRATION,0.47210517499084853,0.9893290400505066,0.0008957914542406797,0,csv_row:133,/records/187,/records/187
W2-92c4ae6c6e52bcc78501b419,0,CALIBRATION,0.001664827195772637,0.00012709246948361397,0.0006155354785732925,0,csv_row:134,/records/13,/records/13
W2-93fc2bd2c75e0d1b14595273,0,CALIBRATION,0.0009032682599080618,0.0003024464240297675,0.003223953302949667,0,csv_row:135,/records/222,/records/222
W2-950705cb08ee1071ddf57ad7,0,CALIBRATION,0.155490753797484,0.0001519624493084848,0.0006068568909540772,0,csv_row:136,/records/172,/records/172
W2-96e8ebfc9c237d4efd86767f,0,CALIBRATION,0.01584040105538325,0.0002263948554173112,0.0006346979644149542,0,csv_row:137,/records/16,/records/16
W2-9725431a7d9d142010795582,1,CALIBRATION,0.4144293282202019,0.9997909665107727,0.0006273402250371873,0,csv_row:138,/records/216,/records/216
W2-978a401eb21307602b79127f,0,CALIBRATION,0.10616301599289658,0.00023103631974663585,0.0006006677285768092,0,csv_row:139,/records/153,/records/153
W2-98fe838cf84a4fd75514013b,1,CALIBRATION,0.8725350015854776,0.0001817444572225213,0.0009826705791056156,0,csv_row:140,/records/215,/records/215
W2-991c78b0f97ccc715c1c694f,0,CALIBRATION,0.007081662277441851,0.00013890063564758748,0.0009765978902578354,0,csv_row:141,/records/29,/records/29
W2-9997b78e8ed3ffcaf8be58ee,0,CALIBRATION,0.23728711918125894,0.00016327245975844562,0.0008651117677800357,0,csv_row:142,/records/111,/records/111
W2-9a3cfac2b9dff88b817ff8bc,0,CALIBRATION,0.0514991073389653,0.00013327962369658053,0.0009175005252473056,0,csv_row:143,/records/53,/records/53
W2-9c39a38d40c777f669101620,0,CALIBRATION,0.011905258842193638,0.00012848988990299404,0.0005555709940381348,0,csv_row:144,/records/10,/records/10
W2-9daa12324f694ddcdc3040ae,0,CALIBRATION,0.008953356983120398,0.00012753557530231774,0.03363978862762451,0,csv_row:145,/records/75,/records/75
W2-9e613ad3c9f593b9b9345557,0,CALIBRATION,0.051226918609704374,0.0002355487085878849,0.0006338876555673778,0,csv_row:146,/records/133,/records/133
W2-9f8819f04925a9b84cb1430c,0,CALIBRATION,0.03762519420471347,0.0001346927892882377,0.010602878406643867,0,csv_row:147,/records/71,/records/71
W2-a07f192d9e5ac8f77d18cfea,0,CALIBRATION,0.03570842749097695,0.00013766932534053922,0.0006963590276427567,0,csv_row:148,/records/177,/records/177
W2-a0808084e8918d31ea2a799f,0,CALIBRATION,0.04078168644181694,0.0001252999936696142,0.000756852503400296,0,csv_row:149,/records/36,/records/36
W2-a2f6ba7264d28b0a6d6796ca,0,CALIBRATION,0.03168075958361318,0.0002804937248583883,0.0031571246217936277,0,csv_row:150,/records/169,/records/169
W2-a3bde5f3660ecae8f449c4b3,0,CALIBRATION,0.003349145911348008,0.0001253446826012805,0.0005508420872502029,0,csv_row:151,/records/140,/records/140
W2-a3ff339cfc31686f3335ee78,0,CALIBRATION,0.054027042381231384,0.0001280517753912136,0.001900278846733272,0,csv_row:152,/records/113,/records/113
W2-a4f246c898e1376ae9a9e438,1,CALIBRATION,0.9071104514320354,0.9998273253440857,0.20849105715751648,0,csv_row:153,/records/213,/records/213
W2-a5acc2c997cc5931bc0d51c6,1,CALIBRATION,0.3362392154878593,0.9483296275138855,0.0018085755873471498,0,csv_row:154,/records/194,/records/194
W2-a9b3cfb7c03c8bded01cb257,0,CALIBRATION,0.0012429184022626255,0.00013002066407352686,0.0005743461661040783,0,csv_row:155,/records/119,/records/119
W2-aa44ff078ef81652d97e7dc0,0,CALIBRATION,0.0006418750962724678,0.0001341005990980193,0.0006194370798766613,0,csv_row:156,/records/66,/records/66
W2-ab13742ce72b081e33cb1a8e,0,CALIBRATION,0.022334190994178705,0.00014531727356370538,0.008915284648537636,0,csv_row:157,/records/83,/records/83
W2-abdc8bc42e654fdefd61bdc4,1,CALIBRATION,0.9205182350003537,0.9996678829193115,0.3141370415687561,0,csv_row:158,/records/217,/records/217
W2-af088205c8553ef5d2e64c05,1,CALIBRATION,0.7827507664686493,0.00018079471192322671,0.0031545008532702923,0,csv_row:159,/records/212,/records/212
W2-afd206520ad2234d54ffd2b2,0,CALIBRATION,0.017537585284146933,0.00013777044659946114,0.0005899061798118055,0,csv_row:160,/records/49,/records/49
W2-b5643de304185d8c4438d2ba,0,CALIBRATION,0.5053892901661065,0.00015310096205212176,0.0007349376101046801,0,csv_row:161,/records/182,/records/182
W2-b655f7e69e85975904c557db,1,CALIBRATION,0.8600783770612772,0.9998156428337097,0.0029571617487818003,0,csv_row:162,/records/209,/records/209
W2-b96f94341c4277fbf0419b59,0,CALIBRATION,0.020073591504056115,0.00011958535469602793,0.002281534019857645,0,csv_row:163,/records/77,/records/77
W2-b97619f44e6c773f8cc926d8,0,CALIBRATION,0.10677582299879154,0.00014068763994146138,0.0006628006231039762,0,csv_row:164,/records/104,/records/104
W2-ba1292151ec42f714a1de1fe,0,CALIBRATION,0.03020270542649939,0.00012167929526185617,0.0005870132008567452,0,csv_row:165,/records/9,/records/9
W2-ba76dc7d5d93fbd2f69cd4cf,0,CALIBRATION,0.0030047009334297978,0.00013640678662341088,0.0018162238411605358,0,csv_row:166,/records/82,/records/82
W2-bc7ee6e93d9a13e233ad7da9,0,CALIBRATION,0.03421149197158498,0.0006772594642825425,0.002004834357649088,0,csv_row:167,/records/202,/records/202
W2-be0bfd5bddb76496736340cc,0,CALIBRATION,0.03161238442469894,0.0001237407559528947,0.0007411949918605387,0,csv_row:168,/records/78,/records/78
W2-c1006e8030c3b0a875b66c71,0,CALIBRATION,0.01699219990781749,0.00023801055795047432,0.0006604124791920185,0,csv_row:169,/records/25,/records/25
W2-c13bb4de1deb53c11c634539,0,CALIBRATION,0.14932735782574416,0.00016534063615836203,0.0007004179642535746,0,csv_row:170,/records/127,/records/127
W2-c18c530684c277bf584f276f,0,CALIBRATION,0.03734549945264806,0.00012136712030041963,0.0006498026195913553,0,csv_row:171,/records/102,/records/102
W2-c357536f18a0f2a441eef1fe,1,CALIBRATION,0.3800921615241315,0.9998362064361572,0.0009582027560099959,0,csv_row:172,/records/155,/records/155
W2-c3753857dd76b6de1d7da08d,1,CALIBRATION,0.9999999162134489,0.9998273849487305,0.999067485332489,1,csv_row:173,/records/198,/records/198
W2-c42fce4b045c2b6a5e39f45f,1,CALIBRATION,0.7218369622868755,0.9997977614402771,0.992823600769043,1,csv_row:174,/records/229,/records/229
W2-c462f00f991293904dae52c7,0,CALIBRATION,0.005812819239867018,0.00012624601367861032,0.0010570583399385214,0,csv_row:175,/records/79,/records/79
W2-c505d8b00bfa76b9d456ca27,1,CALIBRATION,0.0042423970654220594,0.00047613587230443954,0.0006640399224124849,0,csv_row:176,/records/191,/records/191
W2-c6a252b51ec8f35d9cd10045,0,CALIBRATION,0.025205549807086686,0.00012486166087910533,0.0006154213915579021,0,csv_row:177,/records/200,/records/200
W2-c7acab46791e6694d7b2f816,0,CALIBRATION,0.01509260569230362,0.00014490644389297813,0.0007581811514683068,0,csv_row:178,/records/107,/records/107
W2-c7e32b60da99e6fa8016db99,0,CALIBRATION,0.3788284002534866,0.00013277654943522066,0.0016355477273464203,0,csv_row:179,/records/109,/records/109
W2-c8ae7816c0b846bd6c0ca8f3,0,CALIBRATION,0.09903669672698086,0.000131980559672229,0.0006020846194587648,0,csv_row:180,/records/43,/records/43
W2-c90ca14fb0d91cddbaa08288,0,CALIBRATION,0.19481133424974564,0.000263530615484342,0.0010226001031696796,0,csv_row:181,/records/227,/records/227
W2-c935a70a0692b3dab3617f53,0,CALIBRATION,0.18988643841339356,0.00013248705363366753,0.0005764527595601976,0,csv_row:182,/records/45,/records/45
W2-ca4779a437afabfa378ee6da,0,CALIBRATION,0.00011151259755534787,0.00014007309800945222,0.0006122625200077891,0,csv_row:183,/records/35,/records/35
W2-ca4dd32ffb874a01828b502e,0,CALIBRATION,0.14855936836499797,0.0001284142053918913,0.0029384689405560493,0,csv_row:184,/records/62,/records/62
W2-caff5175b7e62bf1ebd7295a,0,CALIBRATION,0.003200161331804476,0.0001438662875443697,0.0005994070088490844,0,csv_row:185,/records/0,/records/0
W2-cb7117c209562832900c1d98,0,CALIBRATION,0.015359199531220395,0.00015288432769011706,0.0006162135396152735,0,csv_row:186,/records/159,/records/159
W2-cd377179850523be1dcfe23d,0,CALIBRATION,0.01196446781202842,0.00012145465007051826,0.21291141211986542,0,csv_row:187,/records/54,/records/54
W2-cd3fa25cbef5b8617d383699,0,CALIBRATION,0.007847583142206483,0.0001238060212926939,0.000544646056368947,0,csv_row:188,/records/31,/records/31
W2-cd721bcd8e1141fc75b15457,0,CALIBRATION,0.09907490416271215,0.00015963298210408539,0.0008704350329935551,0,csv_row:189,/records/225,/records/225
W2-cdc9d44993a6eb1aa29962cd,0,CALIBRATION,2.604302676328692e-07,0.0002819141373038292,0.006161533296108246,0,csv_row:190,/records/224,/records/224
W2-cf8509837cf34a24a08180d7,0,CALIBRATION,0.021644101828764205,0.0001280110009247437,0.0006106857326813042,0,csv_row:191,/records/48,/records/48
W2-d0c78631970f2ace1d04526e,0,CALIBRATION,0.006636972360340704,0.0001252705988008529,0.016674693673849106,0,csv_row:192,/records/60,/records/60
W2-d1493ad90a92d2fe2cbe522b,0,CALIBRATION,0.0005182116372241715,0.00013351113011594862,0.0005966992466710508,0,csv_row:193,/records/120,/records/120
W2-d1ef7bb13a8e30d0b45a6e9c,0,CALIBRATION,0.013204789729613845,0.0001221571146743372,0.0006250687292777002,0,csv_row:194,/records/27,/records/27
W2-d2a654f029c7d31272302883,0,CALIBRATION,0.015479151062477598,0.00012828863691538572,0.0005366309778764844,0,csv_row:195,/records/152,/records/152
W2-d39c98310b1a7542b6d4c4c6,0,CALIBRATION,0.018777398255657773,0.0001284989557461813,0.0006596237071789801,0,csv_row:196,/records/1,/records/1
W2-d3d86b9a8c8b5886c8540187,0,CALIBRATION,0.03713380604604134,0.00014487825683318079,0.0006581546040251851,0,csv_row:197,/records/174,/records/174
W2-d41bb52a2e76a3ca7d00737e,1,CALIBRATION,0.38270606685498215,0.9998140931129456,0.9924218058586121,1,csv_row:198,/records/134,/records/134
W2-d45ea38c3049f85da5daf1b9,0,CALIBRATION,0.033343949710785886,0.0001381331094307825,0.2934960424900055,0,csv_row:199,/records/95,/records/95
W2-d4b220f3f0e1cf971dd76409,1,CALIBRATION,0.41952822437456677,0.999823272228241,0.0013143407413735986,0,csv_row:200,/records/219,/records/219
W2-d507d9dfabd3f64489d8b28b,0,CALIBRATION,0.1288818624682202,0.00013326082262210548,0.0006730760214850307,0,csv_row:201,/records/129,/records/129
W2-d51e67e8a4f1e2be3f91d237,0,CALIBRATION,0.13782944749361628,0.00012414446973707527,0.0005874391063116491,0,csv_row:202,/records/144,/records/144
W2-d71ac504a442cc4e3ab77b4a,0,CALIBRATION,0.006110232965499059,0.0001172232223325409,0.0006684277323074639,0,csv_row:203,/records/4,/records/4
W2-d7cbadb11ace001be0290a16,1,CALIBRATION,0.36714460432480056,0.8776153326034546,0.001052990322932601,0,csv_row:204,/records/183,/records/183
W2-d8811cbaadc44244a0e28ca4,0,CALIBRATION,0.05625919100343428,0.0002720897609833628,0.001013111905194819,0,csv_row:205,/records/171,/records/171
W2-db3f5f388b82864e982124c4,0,CALIBRATION,0.5729674394201085,0.0001465800596633926,0.0010533684398978949,0,csv_row:206,/records/158,/records/158
W2-dd1a53b2e9778ca1678f50a7,0,CALIBRATION,0.2768294056685149,0.00015483716560993344,0.0006166723906062543,0,csv_row:207,/records/195,/records/195
W2-df7359416a562e5cab158be1,0,CALIBRATION,0.016415834572194067,0.00012974272249266505,0.0008987898472696543,0,csv_row:208,/records/93,/records/93
W2-e06b575594b8740dce4600ce,0,CALIBRATION,0.161816285098357,0.00012589582183863968,0.0005652866675518453,0,csv_row:209,/records/40,/records/40
W2-e1b120ff648fe05111a7a841,0,CALIBRATION,0.0008858939749484345,0.00012582751514855772,0.0005595861002802849,0,csv_row:210,/records/118,/records/118
W2-e1b326d3d14d616e9c265cdc,0,CALIBRATION,0.494549804637707,0.00013041800411883742,0.0013197640655562282,0,csv_row:211,/records/110,/records/110
W2-e4c4c7907f475c22dc775c8f,0,CALIBRATION,0.5585373573968286,0.004683927167207003,0.0008062326232902706,0,csv_row:212,/records/180,/records/180
W2-e6192d7951e9799868db471d,0,CALIBRATION,0.007561592251567753,0.0001266437757294625,0.000599176564719528,0,csv_row:213,/records/145,/records/145
W2-e9005252a5482ab7da79dfea,1,CALIBRATION,0.8582526994473172,0.9997887015342712,0.0007337864371947944,0,csv_row:214,/records/204,/records/204
W2-e91743c64fe7be5f33276be5,0,CALIBRATION,0.0015485133542730086,0.0001362188340863213,0.0005634798435494304,0,csv_row:215,/records/208,/records/208
W2-e9b099f7992084b147b257ae,0,CALIBRATION,0.012757115149675704,0.0001224970183102414,0.0006807213649153709,0,csv_row:216,/records/3,/records/3
W2-eb44113e55471c1b51583b7e,1,CALIBRATION,0.828573604554531,0.9998278617858887,0.9650919437408447,1,csv_row:217,/records/179,/records/179
W2-ebe9d6799bdcb60d2daf81b7,0,CALIBRATION,0.0006539173349682317,0.0002048683527391404,0.11309332400560379,0,csv_row:218,/records/148,/records/148
W2-ec04656d8b448f9da4197794,0,CALIBRATION,0.006461670920475214,0.00011870644084410742,0.0005899618263356388,0,csv_row:219,/records/12,/records/12
W2-f014ed3e84d2931fa29d16b7,0,CALIBRATION,0.0016073057231712731,0.0001380462053930387,0.0005703730857931077,0,csv_row:220,/records/15,/records/15
W2-f1936eb483350e7f569c7dc7,1,CALIBRATION,0.6727487599720328,0.9996111989021301,0.001684429356828332,0,csv_row:221,/records/207,/records/207
W2-f1af66f014b0e2bb4227f35c,0,CALIBRATION,0.008394925779941184,0.00012361104018054903,0.0365612618625164,0,csv_row:222,/records/115,/records/115
W2-f3c0c1e2c7e81dd8e46541ac,0,CALIBRATION,0.02130884527430356,0.00013932578440289944,0.0008643977926112711,0,csv_row:223,/records/30,/records/30
W2-f496a0f81a6c119635069b6f,0,CALIBRATION,0.004108937186104965,0.00012563115160446614,0.0006889858050271869,0,csv_row:224,/records/201,/records/201
W2-f54f054e063d5d8d432dd8ca,0,CALIBRATION,0.11808008446849562,0.00013627692533191293,0.0006159566110000014,0,csv_row:225,/records/167,/records/167
W2-f682ad5dd65fbed7a6ca61ff,0,CALIBRATION,0.6972906674786312,0.00019537510524969548,0.0008945104200392962,0,csv_row:226,/records/161,/records/161
W2-f6a28dde0f3fb3656f4a7b68,0,CALIBRATION,0.0013699516637047666,0.0001264392485609278,0.0005592448869720101,0,csv_row:227,/records/80,/records/80
W2-f7f386c6f0fb0144bd8722f7,0,CALIBRATION,0.011505366808860083,0.00012964577763341367,0.06012100726366043,0,csv_row:228,/records/64,/records/64
W2-f8f79efc9810830e26dc3ed0,1,CALIBRATION,0.35315124549381144,0.9996918439865112,0.002788558602333069,0,csv_row:229,/records/193,/records/193
W2-f900f1a74ae915d19e903212,0,CALIBRATION,0.019776038887066447,0.00012522593897301704,0.000705457292497158,0,csv_row:230,/records/24,/records/24
W2-f93edab9d89ce89efe205841,0,CALIBRATION,0.038407919984686116,0.0001288079802179709,0.0005585747421719134,0,csv_row:231,/records/41,/records/41
W2-fac74991e55202124fd6e7e9,0,CALIBRATION,0.007459702413271826,0.00013838069571647793,0.0006561113987118006,0,csv_row:232,/records/88,/records/88
W2-fe0bca431c584ada5de9688f,1,CALIBRATION,0.782855065593517,0.9996346235275269,0.0030740732327103615,0,csv_row:233,/records/190,/records/190
