record_id,partition,label,raw_score,calibrated_probability
W2-008b77b4acd9d200d61c6f3c,CALIBRATION,0,0.0037527152395699266,0.00023803032718343163
W2-00d26aa09b78ad824cfab6ba,CALIBRATION,0,0.019397015347191494,0.0018543266476725691
W2-00db08cbaf4966484e4fc692,CALIBRATION,0,0.033934953076331674,0.0037696920805058982
W2-01df75647e2b4e9d761bb15e,CALIBRATION,0,0.038042650659009324,0.004363276342379973
W2-02fa174a148fe18c500f8915,CALIBRATION,0,0.13947069743794427,0.024536355067919586
W2-032e24e2c4f06181d6316581,CALIBRATION,0,0.45504129829995377,0.1608501287719444
W2-05861362bab0cead2e230219,CALIBRATION,0,0.12170623546372274,0.02029557192305139
W2-07ce1ffc5b6029a233914ef9,CALIBRATION,0,0.0974317640655868,0.014976239773879192
W2-095cec02b7361d83e81e2fc1,CALIBRATION,0,0.2791642549179834,0.06890279097994773
W2-0a5ec19edc8ce03c44530242,CALIBRATION,0,0.047513711730806145,0.0058090880668757285
W2-0afde0c92e071d6fe228699c,CALIBRATION,0,0.1976686264230667,0.04054332528977156
W2-0b9b9e3b8f8f3ee6cb14db1e,CALIBRATION,0,0.25928841417085924,0.061291802627061374
W2-0bb0277806f81a6f62bb3d15,CALIBRATION,0,0.2132761835644394,0.04541139469415401
W2-0c52291bb387e8207a2a54aa,CALIBRATION,0,0.007712158578650446,0.0005836553167504153
W2-0cc7a381335edf2e7bb48266,CALIBRATION,0,0.05007188369597539,0.006217131257760487
W2-0d33b6f1fb0ef21b5815d34b,CALIBRATION,0,0.035925999689891894,0.004054768211342702
W2-107fd108a7ea1952a8277ca7,CALIBRATION,0,0.09361773059054436,0.014190467970874854
W2-109755b90be2139cde135abf,CALIBRATION,0,0.3736112308686774,0.11217767181742914
W2-1098eaf64ed05f67e3d778a4,CALIBRATION,0,0.08057958245721217,0.011608138199429241
W2-10f7968f62eac8930efc1542,CALIBRATION,0,0.38271825952759647,0.11704554591751798
W2-12f1da2d649a063bde81583f,CALIBRATION,0,0.24520200675632214,0.05617901644832932
W2-13221ea399c6cdc7cad2a3d1,CALIBRATION,0,0.15859497994584545,0.029433913451270836
W2-13b34b2eb50400c85b74153c,CALIBRATION,0,0.06998630438475405,0.009630273575180339
W2-15e774c103564a5cd3609c5c,CALIBRATION,0,0.4034288454025353,0.12862754249412642
W2-1891c9d367c45587e2efa2a1,CALIBRATION,0,0.31015223310235684,0.0817476539710855
W2-18ddd073b2c9782b0b4ae344,CALIBRATION,0,0.01502521211131848,0.0013446675338730783
W2-196133fdf7c9c6781e12f88a,CALIBRATION,0,0.29106889057973734,0.07369245109447299
W2-1974124c101bee786aef4470,CALIBRATION,1,0.9999949576000948,0.9999988569259567
W2-19b1662623a099497a6a95ed,CALIBRATION,1,0.7334534292788002,0.45645793870842855
W2-1a31ce44d83b155a72dc8658,CALIBRATION,0,0.011304730001689559,0.0009412311593410358
W2-1ae03067d21552641e63c2d3,CALIBRATION,0,0.28446267711703577,0.07101269981978246
W2-1bfe2afe24207fbc3af779d4,CALIBRATION,0,0.06017080472626163,0.007896801238575746
W2-1d0c1d42ca4b1aea39beb39c,CALIBRATION,0,0.17328110139841513,0.03343292458183863
W2-1d4bdf51d7a829517eb505f4,CALIBRATION,0,0.1333499175491588,0.023041854463304704
W2-1df94d453a93cb8f9116566c,CALIBRATION,0,0.07574685697577427,0.010692269208552643
W2-1e19c5f2cc789b2ec2f7a7d5,CALIBRATION,0,0.49873629949382375,0.1923523855655413
W2-1e8ed005bb486175104f2083,CALIBRATION,0,0.24314360340136815,0.055450879538116934
W2-1eab6715934b702a3abf05f3,CALIBRATION,0,0.28932424879401475,0.07297941518692742
W2-1f2c0eaeebd6280369e00662,CALIBRATION,0,0.10793021343480362,0.01720943535413312
W2-1fa50c63dbd405114f03854b,CALIBRATION,0,0.30358815201733164,0.07892335006324754
W2-21a4371b55bf23c9b654b2d7,CALIBRATION,0,0.8626910572555372,0.7001781778783698
W2-2286a9802da6def28e27ad0e,CALIBRATION,0,0.12539915177310929,0.021152888347236474
W2-25bac4411ea49b1e90ee9747,CALIBRATION,0,0.1031396466215998,0.01617763919155988
W2-28686e5a70d0020a82265132,CALIBRATION,0,0.019208348543182166,0.0018316145854419057
W2-288c8d1e3342834e9efc1e71,CALIBRATION,0,0.5054182115528657,0.19754874632601704
W2-2aa3cb47a2722dd326f826f1,CALIBRATION,1,0.9494904313435596,0.9007680679083798
W2-2bd11b83b71e686d2124c753,CALIBRATION,1,0.30447344328437137,0.07930094529712832
W2-2c27ae8a5b4434308b209caf,CALIBRATION,0,0.021860240714646966,0.0021563838193351978
W2-2c9e69c486e36b74a6717d6d,CALIBRATION,0,0.19559675504980475,0.03991598968717734
W2-2ebba5deb3556bc016d14939,CALIBRATION,0,0.6751059533638443,0.3722634680119795
W2-3072a9607ab4cd93345e1893,CALIBRATION,1,0.9707280992792136,0.9482893312800605
W2-31c2c19623c021deaeea10ba,CALIBRATION,0,0.25177388388421695,0.0585359419736986
W2-32a5110d3ff1c13738368d10,CALIBRATION,1,0.21931023612784872,0.047361857848804825
W2-33975e6cc247a9e2603703bc,CALIBRATION,0,0.17182842522923542,0.03302801549913075
W2-34d4db6692cbc1d4342f0ae2,CALIBRATION,0,0.02417110729781827,0.0024486924974431233
W2-35577505afa48e82447f8a22,CALIBRATION,0,0.04957523779816333,0.006137348838439176
W2-36cc272c99e060e2830a588e,CALIBRATION,0,0.25974513336539884,0.06146141644632643
W2-38dd36b9720929ff708bc7d2,CALIBRATION,0,0.6734150162364195,0.37003747221369926
W2-3c9fec6870578fdd964eeaa0,CALIBRATION,0,0.20828503879844507,0.04382707928987419
W2-3e18c18c7e38b22a956372ff,CALIBRATION,0,0.4257187046776523,0.14192951084479596
W2-40a3dabfa00be9c8603f00e9,CALIBRATION,1,0.9698484276526304,0.9464038929126792
W2-41a6b0d3cc3827fc092e3bcb,CALIBRATION,0,0.15502458111134262,0.02849314568950589
W2-42894d8278d39658b33f44d4,CALIBRATION,0,0.03111980749694676,0.003375365875635731
W2-43419759398063ab0ad1da30,CALIBRATION,0,0.03645403584501667,0.004131210953969468
W2-4626dd5c313dab3f8ace9141,CALIBRATION,0,0.193354444175053,0.03924197299043625
W2-46433f2e95a1177678860724,CALIBRATION,0,0.2641928824876538,0.06312601365912487
W2-47795cd7aa19812d0983fdc1,CALIBRATION,0,0.5848916750450813,0.2682010461654726
W2-490e7486e1fa1984a542afe8,CALIBRATION,0,0.8589027671415199,0.6918920880180379
W2-4c96387cdde82d70b413e353,CALIBRATION,0,0.06051823806422123,0.007956490452189225
W2-4d1d96108c666291823c9ec7,CALIBRATION,1,0.9318192963319364,0.8594680875299332
W2-4d655bb108f03c2c6df5fc2c,CALIBRATION,0,0.04215694012084678,0.004978497470683986
W2-51949126c07a9932f2601a9d,CALIBRATION,0,0.04983287855262861,0.006178703124415787
W2-53d6b0f3668eb75cd2f563a8,CALIBRATION,0,0.23772001656432964,0.05355513387182749
W2-545cb2389c0e02751a489e3b,CALIBRATION,0,0.05173578107547243,0.006486385836402839
W2-5729faa648e7fff6931f5245,CALIBRATION,0,0.017596476075541927,0.0016401371036367735
W2-586f0d457b4987962676e3b0,CALIBRATION,0,0.0070447489621144,0.0005213439347074092
W2-59a92753b3cbd5855e9d50bd,CALIBRATION,0,0.3184960322919692,0.08542079601033947
W2-59c1c1c85652cee9c9c4c411,CALIBRATION,0,0.5866971384049906,0.27001407489939766
W2-59f34d113c0c35fa009ab534,CALIBRATION,1,0.6855545863384805,0.3862747836219676
W2-5a3209b1789ab91018384ef9,CALIBRATION,0,9.319881707234363e-11,8.990357005723154e-14
W2-5b31453bfb46c53434dec001,CALIBRATION,0,0.3860954883688478,0.1188850826612817
W2-5ef4d9abdf861a8d25f94f68,CALIBRATION,0,0.4621319567625375,0.1656829401822229
W2-5f631c64e3c8c1225659ab9c,CALIBRATION,1,0.8916972462339386,0.765501565858769
W2-61694716deb48878cebec728,CALIBRATION,0,0.15382516996683454,0.02817984830758705
W2-61f0f54b9ca52f96e8bb565e,CALIBRATION,0,0.03378181937567696,0.003747976101103739
W2-62d80ac81ef6db5ac987fa8a,CALIBRATION,0,0.21765108061237567,0.04682169318321399
W2-635fe716348bc59d3c01d015,CALIBRATION,0,0.27107830058820764,0.06574921864780611
W2-63b9629191539e149f12ce56,CALIBRATION,0,0.1254077396428925,0.02115489684552498
W2-6556015c652c65fc975deaad,CALIBRATION,0,0.6336783026450252,0.320899716069565
W2-666044adfbb665ac32efed7b,CALIBRATION,1,0.567068085187919,0.25083080232223787
W2-66c0ec4e2ec0bb4af7b37c98,CALIBRATION,0,0.18705545074660895,0.03737577508369882
W2-67649ca5b73a0a3c9ae898e5,CALIBRATION,0,0.013772853350645464,0.0012055065359855837
W2-677f9b1514b65769ab48d2ee,CALIBRATION,0,0.08609393917282587,0.012680599873713156
W2-69102f7096d6fae1a63e36e7,CALIBRATION,1,0.8119701196175289,0.5947527013421644
W2-6952e14aca60980eff6a2c5d,CALIBRATION,0,0.09736333196683626,0.014962021061860628
W2-6e9556476f7ca4f608d265bd,CALIBRATION,1,0.9979912728835433,0.9980965646265895
W2-6f38185313891e8c16d8aa65,CALIBRATION,1,0.39954850683270887,0.12640200938064425
W2-6ffce767237f642e853a5afa,CALIBRATION,1,0.9132679684566172,0.8157534946823434
W2-71f9c520d12267dd6217a7a3,CALIBRATION,0,0.2560458310584107,0.06009459180943602
W2-72d9e2d029a87a1a1de2b9c1,CALIBRATION,0,0.09248799866455722,0.01396034384655694
W2-741e0868f269f17c795a1e14,CALIBRATION,1,0.9261011918541753,0.8459896799835974
W2-7444e2ad1eb8674333b1b1b9,CALIBRATION,0,0.0621406587945791,0.008236863759888632
W2-7445e8b77eaed04ea5cdb3dd,CALIBRATION,0,2.4804487160323884e-07,1.5732202605446006e-09
W2-750e420547ab242ce3b98436,CALIBRATION,0,0.2657835900886057,0.06372701948666405
W2-758a8fb63eaf225121604acb,CALIBRATION,1,0.8381855466661969,0.6477166196633971
W2-765420faa1e46cea98d8d639,CALIBRATION,1,0.9734138327250175,0.953983038816174
W2-767601ca097e20ca85521bc2,CALIBRATION,0,0.12884694737846344,0.02196477564357127
W2-7756771ee7e640965711d252,CALIBRATION,0,0.12810389694212457,0.021788864379433153
W2-77c41f21712cb959b805dd21,CALIBRATION,0,0.0917779379693795,0.013816321123927134
W2-77fe0b68b18bab77ffe40e86,CALIBRATION,0,0.14399676312150325,0.02566413038180814
W2-79f2c1400b81137f79fe0e1b,CALIBRATION,0,0.4209445312334034,0.13900457055546503
W2-7abb46bc00d3b6e991d2a412,CALIBRATION,0,0.2007809071114017,0.04149393709790952
W2-7b3adadc955f0e148db96c57,CALIBRATION,0,0.007594834187182876,0.0005725984810794943
W2-7dedf8917cf0eb9409b72e4c,CALIBRATION,0,0.7089925961851826,0.4193615588171521
W2-7f239939b04b99707921d6b8,CALIBRATION,1,0.8479752149267064,0.6683454247082519
W2-801c1bfd4368836617d34ce3,CALIBRATION,0,0.9395163664680148,0.8775534485575973
W2-811fcd99da8d76990e5804d5,CALIBRATION,0,0.22019190851177925,0.047650095888985264
W2-8192cbca81b781df0e7f101b,CALIBRATION,0,0.09084673086140586,0.013628163520175433
W2-81f699ddc915e03d7d440b61,CALIBRATION,0,0.16806582395479247,0.03198883887420027
W2-8257cedbb24446c5c65b2f22,CALIBRATION,1,0.9491565273646015,0.8999968778147863
W2-86c2548e741468a3aeac6c83,CALIBRATION,0,0.03062315651245091,0.003306888914101181
W2-88c33a066a7c9817605c1e82,CALIBRATION,0,0.2149461178006673,0.045947325633483735
W2-8920ec2d680886189107157b,CALIBRATION,0,0.16446039141604346,0.031005989758989765
W2-89e73bab61bc30bd086898fe,CALIBRATION,0,0.026014374466272576,0.0026877304691969362
W2-8a27ee8a3e026aad4bf23f78,CALIBRATION,1,0.7970979491949228,0.5662206826964253
W2-8a60c5035b81ae9e599027fc,CALIBRATION,0,0.17737460435989244,0.03458506274640938
W2-8ad9361f13648def4d912ea2,CALIBRATION,0,0.05833702133488211,0.007583822513687256
W2-8da52e20defabef254b1e6c3,CALIBRATION,0,0.31274295552742265,0.08287811477120126
W2-8ea0f68d8525dc7ae91509c8,CALIBRATION,0,0.4808086654950361,0.17892055267491705
W2-8eccee4ec7a5c393c0849668,CALIBRATION,0,0.1860265937892332,0.037074748673439274
W2-8f42cc9ab683cd14c977458b,CALIBRATION,0,0.1300135712425695,0.022242004754769486
W2-9095be1ddb0d35888983ed62,CALIBRATION,0,0.23135417645705716,0.05137173616959998
W2-92716cf59f321c2161620f8a,CALIBRATION,1,0.7432639463275948,0.47210517499084853
W2-92c4ae6c6e52bcc78501b419,CALIBRATION,0,0.0178065453448052,0.001664827195772637
W2-93fc2bd2c75e0d1b14595273,CALIBRATION,0,0.010938920948303904,0.0009032682599080618
W2-950705cb08ee1071ddf57ad7,CALIBRATION,0,0.4469959733629758,0.155490753797484
W2-96e8ebfc9c237d4efd86767f,CALIBRATION,0,0.1015519434013317,0.01584040105538325
W2-9725431a7d9d142010795582,CALIBRATION,1,0.705601809859896,0.4144293282202019
W2-978a401eb21307602b79127f,CALIBRATION,0,0.3620006795649104,0.10616301599289658
W2-98fe838cf84a4fd75514013b,CALIBRATION,1,0.9373761460135314,0.8725350015854776
W2-991c78b0f97ccc715c1c694f,CALIBRATION,0,0.055350843560024836,0.007081662277441851
W2-9997b78e8ed3ffcaf8be58ee,CALIBRATION,0,0.5524631471927621,0.23728711918125894
W2-9a3cfac2b9dff88b817ff8bc,CALIBRATION,0,0.23172914341549528,0.0514991073389653
W2-9c39a38d40c777f669101620,CALIBRATION,0,0.08212237778598895,0.011905258842193638
W2-9daa12324f694ddcdc3040ae,CALIBRATION,0,0.06621833365402069,0.008953356983120398
W2-9e613ad3c9f593b9b9345557,CALIBRATION,0,0.23092729692436456,0.051226918609704374
W2-9f8819f04925a9b84cb1430c,CALIBRATION,0,0.18790518732385458,0.03762519420471347
W2-a07f192d9e5ac8f77d18cfea,CALIBRATION,0,0.18131048891648655,0.03570842749097695
W2-a0808084e8918d31ea2a799f,CALIBRATION,0,0.19845207653629252,0.04078168644181694
W2-a2f6ba7264d28b0a6d6796ca,CALIBRATION,0,0.1669406490034777,0.03168075958361318
W2-a3bde5f3660ecae8f449c4b3,CALIBRATION,0,0.030929923272177945,0.003349145911348008
W2-a3ff339cfc31686f3335ee78,CALIBRATION,0,0.23907894366447008,0.054027042381231384
W2-a4f246c898e1376ae9a9e438,CALIBRATION,1,0.9522452277412299,0.9071104514320354
W2-a5acc2c997cc5931bc0d51c6,CALIBRATION,1,0.6466087926469238,0.3362392154878593
W2-a9b3cfb7c03c8bded01cb257,CALIBRATION,0,0.014112436371909558,0.0012429184022626255
W2-aa44ff078ef81652d97e7dc0,CALIBRATION,0,0.008322680548472985,0.0006418750962724678
W2-ab13742ce72b081e33cb1a8e,CALIBRATION,0,0.13040032458569287,0.022334190994178705
W2-abdc8bc42e654fdefd61bdc4,CALIBRATION,1,0.9581303621670301,0.9205182350003537
W2-af088205c8553ef5d2e64c05,CALIBRATION,1,0.8991540033137332,0.7827507664686493
W2-afd206520ad2234d54ffd2b2,CALIBRATION,0,0.10943333376249582,0.017537585284146933
W2-b5643de304185d8c4438d2ba,CALIBRATION,0,0.7632479892099635,0.5053892901661065
W2-b655f7e69e85975904c557db,CALIBRATION,1,0.9320784456478592,0.8600783770612772
W2-b96f94341c4277fbf0419b59,CALIBRATION,0,0.12074102940487065,0.020073591504056115
W2-b97619f44e6c773f8cc926d8,CALIBRATION,0,0.36320247992145,0.10677582299879154
W2-ba1292151ec42f714a1de1fe,CALIBRATION,0,0.1614787985097454,0.03020270542649939
W2-ba76dc7d5d93fbd2f69cd4cf,CALIBRATION,0,0.028401543717893343,0.0030047009334297978
W2-bc7ee6e93d9a13e233ad7da9,CALIBRATION,0,0.17605372219322685,0.03421149197158498
W2-be0bfd5bddb76496736340cc,CALIBRATION,0,0.16669031670343096,0.03161238442469894
W2-c1006e8030c3b0a875b66c71,CALIBRATION,0,0.10692980547969103,0.01699219990781749
W2-c13bb4de1deb53c11c634539,CALIBRATION,0,0.43749501390241674,0.14932735782574416
W2-c18c530684c277bf584f276f,CALIBRATION,0,0.1869521375667056,0.03734549945264806
W2-c357536f18a0f2a441eef1fe,CALIBRATION,1,0.6809848124055069,0.3800921615241315
W2-c3753857dd76b6de1d7da08d,CALIBRATION,1,0.9999993883476175,0.9999999162134489
W2-c42fce4b045c2b6a5e39f45f,CALIBRATION,1,0.8724662260835816,0.7218369622868755
W2-c462f00f991293904dae52c7,CALIBRATION,0,0.047537311655938636,0.005812819239867018
W2-c505d8b00bfa76b9d456ca27,CALIBRATION,1,0.03721782563748218,0.0042423970654220594
W2-c6a252b51ec8f35d9cd10045,CALIBRATION,0,0.14216568910112337,0.025205549807086686
W2-c7acab46791e6694d7b2f816,CALIBRATION,0,0.09799102076788616,0.01509260569230362
W2-c7e32b60da99e6fa8016db99,CALIBRATION,0,0.6800428801353071,0.3788284002534866
W2-c8ae7816c0b846bd6c0ca8f3,CALIBRATION,0,0.3476936156177352,0.09903669672698086
W2-c90ca14fb0d91cddbaa08288,CALIBRATION,0,0.5019151427969027,0.19481133424974564
W2-c935a70a0692b3dab3617f53,CALIBRATION,0,0.49551726876744223,0.18988643841339356
W2-ca4779a437afabfa378ee6da,CALIBRATION,0,0.002038064537888202,0.00011151259755534787
W2-ca4dd32ffb874a01828b502e,CALIBRATION,0,0.436291797325369,0.14855936836499797
W2-caff5175b7e62bf1ebd7295a,CALIBRATION,0,0.029844200604294574,0.003200161331804476
W2-cb7117c209562832900c1d98,CALIBRATION,0,0.09926700595583476,0.015359199531220395
W2-cd377179850523be1dcfe23d,CALIBRATION,0,0.08242841110636732,0.01196446781202842
W2-cd3fa25cbef5b8617d383699,CALIBRATION,0,0.05988377454019388,0.007847583142206483
W2-cd721bcd8e1141fc75b15457,CALIBRATION,0,0.3477720023857241,0.09907490416271215
W2-cdc9d44993a6eb1aa29962cd,CALIBRATION,0,1.5335756345285625e-05,2.604302676328692e-07
W2-cf8509837cf34a24a08180d7,CALIBRATION,0,0.12749077970957867,0.021644101828764205
W2-d0c78631970f2ace1d04526e,CALIBRATION,0,0.052658361166115664,0.006636972360340704
W2-d1493ad90a92d2fe2cbe522b,CALIBRATION,0,0.00701078428755428,0.0005182116372241715
W2-d1ef7bb13a8e30d0b45a6e9c,CALIBRATION,0,0.08873641782722876,0.013204789729613845
W2-d2a654f029c7d31272302883,CALIBRATION,0,0.09983875819345012,0.015479151062477598
W2-d39c98310b1a7542b6d4c4c6,CALIBRATION,0,0.11502777865474448,0.018777398255657773
W2-d3d86b9a8c8b5886c8540187,CALIBRATION,0,0.1862287279024027,0.03713380604604134
W2-d41bb52a2e76a3ca7d00737e,CALIBRATION,1,0.6829245630613853,0.38270606685498215
W2-d45ea38c3049f85da5daf1b9,CALIBRATION,0,0.17296252453706407,0.033343949710785886
W2-d4b220f3f0e1cf971dd76409,CALIBRATION,1,0.7091065751091363,0.41952822437456677
W2-d507d9dfabd3f64489d8b28b,CALIBRATION,0,0.4038693843930103,0.1288818624682202
W2-d51e67e8a4f1e2be3f91d237,CALIBRATION,0,0.41900690397903295,0.13782944749361628
W2-d71ac504a442cc4e3ab77b4a,CALIBRATION,0,0.04940605654451286,0.006110232965499059
W2-d7cbadb11ace001be0290a16,CALIBRATION,1,0.6712044274957037,0.36714460432480056
W2-d8811cbaadc44244a0e28ca4,CALIBRATION,0,0.2454278321086127,0.05625919100343428
W2-db3f5f388b82864e982124c4,CALIBRATION,0,0.8006672521728435,0.5729674394201085
W2-dd1a53b2e9778ca1678f50a7,CALIBRATION,0,0.5933960364182571,0.2768294056685149
W2-df7359416a562e5cab158be1,CALIBRATION,0,0.10425444182645209,0.016415834572194067
W2-e06b575594b8740dce4600ce,CALIBRATION,0,0.45647105623134804,0.161816285098357
W2-e1b120ff648fe05111a7a841,CALIBRATION,0,0.010770436640900272,0.0008858939749484345
W2-e1b326d3d14d616e9c265cdc,CALIBRATION,0,0.7568650323049114,0.494549804637707
W2-e4c4c7907f475c22dc775c8f,CALIBRATION,0,0.7929914511288406,0.5585373573968286
W2-e6192d7951e9799868db471d,CALIBRATION,0,0.05820598906643628,0.007561592251567753
W2-e9005252a5482ab7da79dfea,CALIBRATION,1,0.9313032857573256,0.8582526994473172
W2-e91743c64fe7be5f33276be5,CALIBRATION,0,0.016810780452257104,0.0015485133542730086
W2-e9b099f7992084b147b257ae,CALIBRATION,0,0.0864817503480055,0.012757115149675704
W2-eb44113e55471c1b51583b7e,CALIBRATION,1,0.9187148273442634,0.828573604554531
W2-ebe9d6799bdcb60d2daf81b7,CALIBRATION,0,0.008447516732212614,0.0006539173349682317
W2-ec04656d8b448f9da4197794,CALIBRATION,0,0.0515838229581456,0.006461670920475214
W2-f014ed3e84d2931fa29d16b7,CALIBRATION,0,0.017316065881300465,0.0016073057231712731
W2-f1936eb483350e7f569c7dc7,CALIBRATION,1,0.8500378805383653,0.6727487599720328
W2-f1af66f014b0e2bb4227f35c,CALIBRATION,0,0.06304851426842102,0.008394925779941184
W2-f3c0c1e2c7e81dd8e46541ac,CALIBRATION,0,0.12606511456604275,0.02130884527430356
W2-f496a0f81a6c119635069b6f,CALIBRATION,0,0.03630042556808371,0.004108937186104965
W2-f54f054e063d5d8d432dd8ca,CALIBRATION,0,0.38462182286495616,0.11808008446849562
W2-f682ad5dd65fbed7a6ca61ff,CALIBRATION,0,0.8613741256521145,0.6972906674786312
W2-f6a28dde0f3fb3656f4a7b68,CALIBRATION,0,0.015249700381794132,0.0013699516637047666
W2-f7f386c6f0fb0144bd8722f7,CALIBRATION,0,0.08004316197403014,0.011505366808860083
W2-f8f79efc9810830e26dc3ed0,CALIBRATION,1,0.6602961132528155,0.35315124549381144
W2-f900f1a74ae915d19e903212,CALIBRATION,0,0.11944126572297466,0.019776038887066447
W2-f93edab9d89ce89efe205841,CALIBRATION,0,0.19055593445049376,0.038407919984686116
W2-fac74991e55202124fd6e7e9,CALIBRATION,0,0.05760406322721852,0.007459702413271826
W2-fe0bca431c584ada5de9688f,CALIBRATION,1,0.8991988967257557,0.782855065593517
