budget,subgroup,pattern,count
0.01,under_16_attacks,D_S_v1=0|D_S_B2_LR=0|D_M-B_v1=0|D_G_v1=0,1
0.01,under_16_attacks,D_S_v1=0|D_S_B2_LR=0|D_M-B_v1=1|D_G_v1=0,19
0.01,under_16_attacks,D_S_v1=0|D_S_B2_LR=0|D_M-B_v1=1|D_G_v1=1,6
0.01,64_plus_benign,D_S_v1=0|D_S_B2_LR=0|D_M-B_v1=0|D_G_v1=0,11
0.01,64_plus_benign,D_S_v1=0|D_S_B2_LR=1|D_M-B_v1=0|D_G_v1=0,3
0.01,64_plus_benign,D_S_v1=1|D_S_B2_LR=1|D_M-B_v1=0|D_G_v1=0,3
0.03,under_16_attacks,D_S_v1=0|D_S_B2_LR=0|D_M-B_v1=1|D_G_v1=0,18
0.03,under_16_attacks,D_S_v1=0|D_S_B2_LR=0|D_M-B_v1=1|D_G_v1=1,7
0.03,under_16_attacks,D_S_v1=1|D_S_B2_LR=0|D_M-B_v1=1|D_G_v1=0,1
0.03,64_plus_benign,D_S_v1=0|D_S_B2_LR=0|D_M-B_v1=0|D_G_v1=0,3
0.03,64_plus_benign,D_S_v1=0|D_S_B2_LR=0|D_M-B_v1=1|D_G_v1=0,2
0.03,64_plus_benign,D_S_v1=0|D_S_B2_LR=1|D_M-B_v1=0|D_G_v1=0,5
0.03,64_plus_benign,D_S_v1=1|D_S_B2_LR=1|D_M-B_v1=0|D_G_v1=0,6
0.03,64_plus_benign,D_S_v1=1|D_S_B2_LR=1|D_M-B_v1=1|D_G_v1=0,1
0.05,under_16_attacks,D_S_v1=0|D_S_B2_LR=0|D_M-B_v1=1|D_G_v1=0,17
0.05,under_16_attacks,D_S_v1=0|D_S_B2_LR=0|D_M-B_v1=1|D_G_v1=1,7
0.05,under_16_attacks,D_S_v1=1|D_S_B2_LR=0|D_M-B_v1=1|D_G_v1=0,2
0.05,64_plus_benign,D_S_v1=0|D_S_B2_LR=0|D_M-B_v1=0|D_G_v1=0,1
0.05,64_plus_benign,D_S_v1=0|D_S_B2_LR=0|D_M-B_v1=1|D_G_v1=0,1
0.05,64_plus_benign,D_S_v1=0|D_S_B2_LR=1|D_M-B_v1=0|D_G_v1=0,6
0.05,64_plus_benign,D_S_v1=1|D_S_B2_LR=1|D_M-B_v1=0|D_G_v1=0,6
0.05,64_plus_benign,D_S_v1=1|D_S_B2_LR=1|D_M-B_v1=1|D_G_v1=0,3
