budget,stack,detector,status,attack_denominator,unique_catch_count,unique_catch_rate,other_members_miss_count,recovery_given_others_miss,small_conditional_denominator,small_count_note
0.01,DEVELOPMENT_STACK_CANDIDATE,D_S_B2_LR,MEASURED,183,1,0.00546448087431694,6,0.16666666666666666,True,Descriptive caution if denominator <10; not an inferential cutoff
0.01,DEVELOPMENT_STACK_CANDIDATE,D_M-B_v1,MEASURED,183,91,0.4972677595628415,96,0.9479166666666666,False,Descriptive caution if denominator <10; not an inferential cutoff
0.01,DEVELOPMENT_STACK_CANDIDATE,D_G_v1,MEASURED,183,0,0.0,5,0.0,True,Descriptive caution if denominator <10; not an inferential cutoff
0.01,DEVELOPMENT_STACK_V1,D_S_v1,MEASURED,183,0,0.0,6,0.0,True,Descriptive caution if denominator <10; not an inferential cutoff
0.01,DEVELOPMENT_STACK_V1,D_M-B_v1,MEASURED,183,105,0.5737704918032787,111,0.9459459459459459,False,Descriptive caution if denominator <10; not an inferential cutoff
0.01,DEVELOPMENT_STACK_V1,D_G_v1,MEASURED,183,0,0.0,6,0.0,True,Descriptive caution if denominator <10; not an inferential cutoff
0.03,DEVELOPMENT_STACK_CANDIDATE,D_S_B2_LR,MEASURED,183,1,0.00546448087431694,4,0.25,True,Descriptive caution if denominator <10; not an inferential cutoff
0.03,DEVELOPMENT_STACK_CANDIDATE,D_M-B_v1,MEASURED,183,58,0.31693989071038253,61,0.9508196721311475,False,Descriptive caution if denominator <10; not an inferential cutoff
0.03,DEVELOPMENT_STACK_CANDIDATE,D_G_v1,MEASURED,183,0,0.0,3,0.0,True,Descriptive caution if denominator <10; not an inferential cutoff
0.03,DEVELOPMENT_STACK_V1,D_S_v1,MEASURED,183,0,0.0,4,0.0,True,Descriptive caution if denominator <10; not an inferential cutoff
0.03,DEVELOPMENT_STACK_V1,D_M-B_v1,MEASURED,183,88,0.4808743169398907,92,0.9565217391304348,False,Descriptive caution if denominator <10; not an inferential cutoff
0.03,DEVELOPMENT_STACK_V1,D_G_v1,MEASURED,183,0,0.0,4,0.0,True,Descriptive caution if denominator <10; not an inferential cutoff
0.05,DEVELOPMENT_STACK_CANDIDATE,D_S_B2_LR,MEASURED,183,0,0.0,2,0.0,True,Descriptive caution if denominator <10; not an inferential cutoff
0.05,DEVELOPMENT_STACK_CANDIDATE,D_M-B_v1,MEASURED,183,45,0.2459016393442623,47,0.9574468085106383,False,Descriptive caution if denominator <10; not an inferential cutoff
0.05,DEVELOPMENT_STACK_CANDIDATE,D_G_v1,MEASURED,183,0,0.0,2,0.0,True,Descriptive caution if denominator <10; not an inferential cutoff
0.05,DEVELOPMENT_STACK_V1,D_S_v1,MEASURED,183,0,0.0,2,0.0,True,Descriptive caution if denominator <10; not an inferential cutoff
0.05,DEVELOPMENT_STACK_V1,D_M-B_v1,MEASURED,183,66,0.36065573770491804,68,0.9705882352941176,False,Descriptive caution if denominator <10; not an inferential cutoff
0.05,DEVELOPMENT_STACK_V1,D_G_v1,MEASURED,183,0,0.0,2,0.0,True,Descriptive caution if denominator <10; not an inferential cutoff
