attack_denominator,budget,ejf,fn_jaccard,fn_union_count,fnr_i,fnr_j,independence_reference,jfn,jfn_count,left,left_fn_count,p_failure_left_given_right,p_failure_right_given_left,right,right_fn_count,stack,status
183,0.01,0.008062348830959423,0.043478260869565216,138,0.03278688524590164,0.7540983606557377,0.024724536414942218,0.03278688524590164,6,D_M-B_v1,6,0.043478260869565216,1.0,D_S_v1,138,DEVELOPMENT_STACK_V1,MEASURED
183,0.01,-0.007435277255218087,0.6306818181818182,176,0.8142076502732241,0.7540983606557377,0.6139926543043984,0.6065573770491803,111,D_G_v1,149,0.8043478260869565,0.7449664429530202,D_S_v1,138,DEVELOPMENT_STACK_V1,MEASURED
183,0.01,0.006091552450058227,0.040268456375838924,149,0.8142076502732241,0.03278688524590164,0.026695332795843414,0.03278688524590164,6,D_G_v1,149,1.0,0.040268456375838924,D_M-B_v1,6,DEVELOPMENT_STACK_V1,MEASURED
183,0.01,0.005285317566962284,0.04032258064516129,124,0.03278688524590164,0.6721311475409836,0.022037086804622415,0.0273224043715847,5,D_M-B_v1,6,0.04065040650406504,0.8333333333333334,D_S_B2_LR,123,DEVELOPMENT_STACK_CANDIDATE,MEASURED
183,0.01,-0.02266415838036362,0.5454545454545454,176,0.8142076502732241,0.6721311475409836,0.5472543223147899,0.5245901639344263,96,D_G_v1,149,0.7804878048780488,0.6442953020134228,D_S_B2_LR,123,DEVELOPMENT_STACK_CANDIDATE,MEASURED
183,0.01,0.006091552450058227,0.040268456375838924,149,0.8142076502732241,0.03278688524590164,0.026695332795843414,0.03278688524590164,6,D_G_v1,149,1.0,0.040268456375838924,D_M-B_v1,6,DEVELOPMENT_STACK_CANDIDATE,MEASURED
183,0.03,0.007047090089283049,0.03225806451612903,124,0.02185792349726776,0.6775956284153005,0.014810833407984711,0.02185792349726776,4,D_M-B_v1,4,0.03225806451612903,1.0,D_S_v1,124,DEVELOPMENT_STACK_V1,MEASURED
183,0.03,-0.019349637194302605,0.5317919075144508,173,0.7704918032786885,0.6775956284153005,0.5220818776314611,0.5027322404371585,92,D_G_v1,141,0.7419354838709677,0.6524822695035462,D_S_v1,124,DEVELOPMENT_STACK_V1,MEASURED
183,0.03,0.005016572605930306,0.028368794326241134,141,0.7704918032786885,0.02185792349726776,0.016841350891337453,0.02185792349726776,4,D_G_v1,141,1.0,0.028368794326241134,D_M-B_v1,4,DEVELOPMENT_STACK_V1,MEASURED
183,0.03,0.006479739615993312,0.03571428571428571,84,0.02185792349726776,0.453551912568306,0.009913703006957509,0.01639344262295082,3,D_M-B_v1,4,0.03614457831325301,0.75,D_S_B2_LR,83,DEVELOPMENT_STACK_CANDIDATE,MEASURED
183,0.03,-0.01612469766191882,0.37423312883435583,163,0.7704918032786885,0.453551912568306,0.34945803099525213,0.3333333333333333,61,D_G_v1,141,0.7349397590361446,0.4326241134751773,D_S_B2_LR,83,DEVELOPMENT_STACK_CANDIDATE,MEASURED
183,0.03,0.005016572605930306,0.028368794326241134,141,0.7704918032786885,0.02185792349726776,0.016841350891337453,0.02185792349726776,4,D_G_v1,141,1.0,0.028368794326241134,D_M-B_v1,4,DEVELOPMENT_STACK_CANDIDATE,MEASURED
183,0.05,0.0049568515034787534,0.02,100,0.01092896174863388,0.546448087431694,0.005972110245155126,0.01092896174863388,2,D_M-B_v1,2,0.02,1.0,D_S_v1,100,DEVELOPMENT_STACK_V1,MEASURED
183,0.05,-0.02854668697184154,0.40963855421686746,166,0.73224043715847,0.546448087431694,0.4001313864253935,0.37158469945355194,68,D_G_v1,134,0.68,0.5074626865671642,D_S_v1,100,DEVELOPMENT_STACK_V1,MEASURED
183,0.05,0.002926334020126011,0.014925373134328358,134,0.73224043715847,0.01092896174863388,0.008002627728507869,0.01092896174863388,2,D_G_v1,134,1.0,0.014925373134328358,D_M-B_v1,2,DEVELOPMENT_STACK_V1,MEASURED
183,0.05,0.006867926781928394,0.029411764705882353,68,0.01092896174863388,0.37158469945355194,0.0040610349667054855,0.01092896174863388,2,D_M-B_v1,2,0.029411764705882353,1.0,D_S_B2_LR,68,DEVELOPMENT_STACK_CANDIDATE,MEASURED
183,0.05,-0.015258741676371368,0.3032258064516129,155,0.73224043715847,0.37158469945355194,0.27208934276926755,0.2568306010928962,47,D_G_v1,134,0.6911764705882353,0.35074626865671643,D_S_B2_LR,68,DEVELOPMENT_STACK_CANDIDATE,MEASURED
183,0.05,0.002926334020126011,0.014925373134328358,134,0.73224043715847,0.01092896174863388,0.008002627728507869,0.01092896174863388,2,D_G_v1,134,1.0,0.014925373134328358,D_M-B_v1,2,DEVELOPMENT_STACK_CANDIDATE,MEASURED
