budget,detector,fn,fnr,fp,fpr,negative_denominator,no_positive_predictions,positive_denominator,recall,role,threshold,tn,tp,roc_auc,pr_auc
0.01,D_G_v1,149,0.8142076502732241,6,0.0063025210084033615,952,False,183,0.18579234972677597,DEVELOPMENT_DESCRIPTIVE_OPERATING_CAPACITY,0.7775133848190308,946,34,0.814953850392616,0.5006519683988974
0.01,D_M-B_v1,6,0.03278688524590164,7,0.007352941176470588,952,False,183,0.9672131147540983,DEVELOPMENT_DESCRIPTIVE_OPERATING_CAPACITY,0.013269803486764431,945,177,0.9963493594158974,0.9877044339233643
0.01,D_S_B2_LR,123,0.6721311475409836,9,0.009453781512605041,952,False,183,0.32786885245901637,DEVELOPMENT_DESCRIPTIVE_OPERATING_CAPACITY,0.9334402237345568,943,60,0.896760343481655,0.7315865803288277
0.01,D_S_v1,138,0.7540983606557377,7,0.007352941176470588,952,False,183,0.2459016393442623,DEVELOPMENT_DESCRIPTIVE_OPERATING_CAPACITY,0.8624549945377074,945,45,0.8100863296138128,0.5766836613612865
0.03,D_G_v1,141,0.7704918032786885,17,0.017857142857142856,952,False,183,0.22950819672131148,DEVELOPMENT_DESCRIPTIVE_OPERATING_CAPACITY,0.23945845663547516,935,42,0.814953850392616,0.5006519683988974
0.03,D_M-B_v1,4,0.02185792349726776,22,0.023109243697478993,952,False,183,0.9781420765027322,DEVELOPMENT_DESCRIPTIVE_OPERATING_CAPACITY,0.0008947817841544747,930,179,0.9963493594158974,0.9877044339233643
0.03,D_S_B2_LR,83,0.453551912568306,28,0.029411764705882353,952,False,183,0.546448087431694,DEVELOPMENT_DESCRIPTIVE_OPERATING_CAPACITY,0.8501334532357456,924,100,0.896760343481655,0.7315865803288277
0.03,D_S_v1,124,0.6775956284153005,28,0.029411764705882353,952,False,183,0.3224043715846995,DEVELOPMENT_DESCRIPTIVE_OPERATING_CAPACITY,0.7912072309030108,924,59,0.8100863296138128,0.5766836613612865
0.05,D_G_v1,134,0.73224043715847,44,0.046218487394957986,952,False,183,0.2677595628415301,DEVELOPMENT_DESCRIPTIVE_OPERATING_CAPACITY,0.050292547792196274,908,49,0.814953850392616,0.5006519683988974
0.05,D_M-B_v1,2,0.01092896174863388,34,0.03571428571428571,952,False,183,0.9890710382513661,DEVELOPMENT_DESCRIPTIVE_OPERATING_CAPACITY,0.0006214274326339364,918,181,0.9963493594158974,0.9877044339233643
0.05,D_S_B2_LR,68,0.37158469945355194,46,0.04831932773109244,952,False,183,0.6284153005464481,DEVELOPMENT_DESCRIPTIVE_OPERATING_CAPACITY,0.784023369186312,906,115,0.896760343481655,0.7315865803288277
0.05,D_S_v1,100,0.546448087431694,47,0.04936974789915966,952,False,183,0.453551912568306,DEVELOPMENT_DESCRIPTIVE_OPERATING_CAPACITY,0.7266390993416252,905,83,0.8100863296138128,0.5766836613612865
