le_1_percent,le_3_percent,le_5_percent,metric,native
946,935,908,tn,941
6,17,44,fp,11
149,141,134,fn,147
34,42,49,tp,36
,,,accuracy,0.8607929515418502
,,,precision,0.7659574468085106
0.18579234972677597,0.22950819672131148,0.2677595628415301,recall,0.19672131147540983
,,,specificity,0.9884453781512605
,,,f1,0.3130434782608696
0.0063025210084033615,0.017857142857142856,0.046218487394957986,fpr,0.011554621848739496
0.8142076502732241,0.7704918032786885,0.73224043715847,fnr,0.8032786885245902
,,,roc_auc,0.814953850392616
,,,pr_auc,0.5006519683988974
