stack,budget,status,left,right,attack_denominator,fnr_i,fnr_j,jfn_count,jfn,independence_reference,ejf,fn_union_count,fn_jaccard,left_fn_count,right_fn_count,p_failure_left_given_right,p_failure_right_given_left
DEVELOPMENT_STACK_V1,0.01,MEASURED,D_M-B_v1,D_S_v1,183,0.03278688524590164,0.7540983606557377,6,0.03278688524590164,0.024724536414942218,0.008062348830959423,138,0.043478260869565216,6,138,0.043478260869565216,1.0
DEVELOPMENT_STACK_V1,0.01,UNMEASURED_MISSING_D_G,D_S_v1,D_G_v1,,,,,,,,,,,,,
DEVELOPMENT_STACK_V1,0.01,UNMEASURED_MISSING_D_G,D_M-B_v1,D_G_v1,,,,,,,,,,,,,
DEVELOPMENT_STACK_CANDIDATE,0.01,MEASURED,D_M-B_v1,D_S_B2_LR,183,0.03278688524590164,0.6721311475409836,5,0.0273224043715847,0.022037086804622415,0.005285317566962284,124,0.04032258064516129,6,123,0.04065040650406504,0.8333333333333334
DEVELOPMENT_STACK_CANDIDATE,0.01,UNMEASURED_MISSING_D_G,D_S_B2_LR,D_G_v1,,,,,,,,,,,,,
DEVELOPMENT_STACK_CANDIDATE,0.01,UNMEASURED_MISSING_D_G,D_M-B_v1,D_G_v1,,,,,,,,,,,,,
DEVELOPMENT_STACK_V1,0.03,MEASURED,D_M-B_v1,D_S_v1,183,0.02185792349726776,0.6775956284153005,4,0.02185792349726776,0.014810833407984711,0.007047090089283049,124,0.03225806451612903,4,124,0.03225806451612903,1.0
DEVELOPMENT_STACK_V1,0.03,UNMEASURED_MISSING_D_G,D_S_v1,D_G_v1,,,,,,,,,,,,,
DEVELOPMENT_STACK_V1,0.03,UNMEASURED_MISSING_D_G,D_M-B_v1,D_G_v1,,,,,,,,,,,,,
DEVELOPMENT_STACK_CANDIDATE,0.03,MEASURED,D_M-B_v1,D_S_B2_LR,183,0.02185792349726776,0.453551912568306,3,0.01639344262295082,0.009913703006957509,0.006479739615993312,84,0.03571428571428571,4,83,0.03614457831325301,0.75
DEVELOPMENT_STACK_CANDIDATE,0.03,UNMEASURED_MISSING_D_G,D_S_B2_LR,D_G_v1,,,,,,,,,,,,,
DEVELOPMENT_STACK_CANDIDATE,0.03,UNMEASURED_MISSING_D_G,D_M-B_v1,D_G_v1,,,,,,,,,,,,,
DEVELOPMENT_STACK_V1,0.05,MEASURED,D_M-B_v1,D_S_v1,183,0.01092896174863388,0.546448087431694,2,0.01092896174863388,0.005972110245155126,0.0049568515034787534,100,0.02,2,100,0.02,1.0
DEVELOPMENT_STACK_V1,0.05,UNMEASURED_MISSING_D_G,D_S_v1,D_G_v1,,,,,,,,,,,,,
DEVELOPMENT_STACK_V1,0.05,UNMEASURED_MISSING_D_G,D_M-B_v1,D_G_v1,,,,,,,,,,,,,
DEVELOPMENT_STACK_CANDIDATE,0.05,MEASURED,D_M-B_v1,D_S_B2_LR,183,0.01092896174863388,0.37158469945355194,2,0.01092896174863388,0.0040610349667054855,0.006867926781928394,68,0.029411764705882353,2,68,0.029411764705882353,1.0
DEVELOPMENT_STACK_CANDIDATE,0.05,UNMEASURED_MISSING_D_G,D_S_B2_LR,D_G_v1,,,,,,,,,,,,,
DEVELOPMENT_STACK_CANDIDATE,0.05,UNMEASURED_MISSING_D_G,D_M-B_v1,D_G_v1,,,,,,,,,,,,,
