budget,metric,other,baseline,candidate,delta
0.01,jfn,D_M-B_v1,0.03278688524590164,0.0273224043715847,-0.0054644808743169425
0.01,ejf,D_M-B_v1,0.008062348830959423,0.005285317566962284,-0.0027770312639971394
0.01,fn_jaccard,D_M-B_v1,0.043478260869565216,0.04032258064516129,-0.003155680224403927
0.01,jfn,D_G_v1,,,
0.01,ejf,D_G_v1,,,
0.01,fn_jaccard,D_G_v1,,,
0.01,all_detector_jfn,primary_stack,,,
0.01,all_detector_fn_count,primary_stack,,,
0.01,unique_catch_count,primary_stack,,,
0.01,unique_catch_rate,primary_stack,,,
0.01,recovery_given_others_miss,primary_stack,,,
0.03,jfn,D_M-B_v1,0.02185792349726776,0.01639344262295082,-0.005464480874316939
0.03,ejf,D_M-B_v1,0.007047090089283049,0.006479739615993312,-0.0005673504732897367
0.03,fn_jaccard,D_M-B_v1,0.03225806451612903,0.03571428571428571,0.003456221198156681
0.03,jfn,D_G_v1,,,
0.03,ejf,D_G_v1,,,
0.03,fn_jaccard,D_G_v1,,,
0.03,all_detector_jfn,primary_stack,,,
0.03,all_detector_fn_count,primary_stack,,,
0.03,unique_catch_count,primary_stack,,,
0.03,unique_catch_rate,primary_stack,,,
0.03,recovery_given_others_miss,primary_stack,,,
0.05,jfn,D_M-B_v1,0.01092896174863388,0.01092896174863388,0.0
0.05,ejf,D_M-B_v1,0.0049568515034787534,0.006867926781928394,0.0019110752784496409
0.05,fn_jaccard,D_M-B_v1,0.02,0.029411764705882353,0.009411764705882352
0.05,jfn,D_G_v1,,,
0.05,ejf,D_G_v1,,,
0.05,fn_jaccard,D_G_v1,,,
0.05,all_detector_jfn,primary_stack,,,
0.05,all_detector_fn_count,primary_stack,,,
0.05,unique_catch_count,primary_stack,,,
0.05,unique_catch_rate,primary_stack,,,
0.05,recovery_given_others_miss,primary_stack,,,
