budget,detector,threshold,no_positive_predictions,tp,fp,fn,tn,positive_denominator,negative_denominator,fpr,fnr,recall,role
0.01,D_M-B_v1,0.013269803486764431,False,177,7,6,945,183,952,0.007352941176470588,0.03278688524590164,0.9672131147540983,DEVELOPMENT_DESCRIPTIVE_OPERATING_CAPACITY
0.01,D_S_B2_LR,0.9334402237345568,False,60,9,123,943,183,952,0.009453781512605041,0.6721311475409836,0.32786885245901637,DEVELOPMENT_DESCRIPTIVE_OPERATING_CAPACITY
0.01,D_S_v1,0.8624549945377074,False,45,7,138,945,183,952,0.007352941176470588,0.7540983606557377,0.2459016393442623,DEVELOPMENT_DESCRIPTIVE_OPERATING_CAPACITY
0.03,D_M-B_v1,0.0008947817841544747,False,179,22,4,930,183,952,0.023109243697478993,0.02185792349726776,0.9781420765027322,DEVELOPMENT_DESCRIPTIVE_OPERATING_CAPACITY
0.03,D_S_B2_LR,0.8501334532357456,False,100,28,83,924,183,952,0.029411764705882353,0.453551912568306,0.546448087431694,DEVELOPMENT_DESCRIPTIVE_OPERATING_CAPACITY
0.03,D_S_v1,0.7912072309030108,False,59,28,124,924,183,952,0.029411764705882353,0.6775956284153005,0.3224043715846995,DEVELOPMENT_DESCRIPTIVE_OPERATING_CAPACITY
0.05,D_M-B_v1,0.0006214274326339364,False,181,34,2,918,183,952,0.03571428571428571,0.01092896174863388,0.9890710382513661,DEVELOPMENT_DESCRIPTIVE_OPERATING_CAPACITY
0.05,D_S_B2_LR,0.784023369186312,False,115,46,68,906,183,952,0.04831932773109244,0.37158469945355194,0.6284153005464481,DEVELOPMENT_DESCRIPTIVE_OPERATING_CAPACITY
0.05,D_S_v1,0.7266390993416252,False,83,47,100,905,183,952,0.04936974789915966,0.546448087431694,0.453551912568306,DEVELOPMENT_DESCRIPTIVE_OPERATING_CAPACITY
