budget,left,right,attack_denominator,fnr_i,fnr_j,jfn_count,jfn,independence_reference,ejf,fn_union_count,fn_jaccard
0.01,D_M-B_v1,D_S_B2_LR,183,0.03278688524590164,0.6721311475409836,5,0.0273224043715847,0.022037086804622415,0.005285317566962284,124,0.04032258064516129
0.01,D_M-B_v1,D_S_v1,183,0.03278688524590164,0.7540983606557377,6,0.03278688524590164,0.024724536414942218,0.008062348830959423,138,0.043478260869565216
0.01,D_S_B2_LR,D_S_v1,183,0.6721311475409836,0.7540983606557377,111,0.6065573770491803,0.5068529965063154,0.0997043805428649,150,0.74
0.03,D_M-B_v1,D_S_B2_LR,183,0.02185792349726776,0.453551912568306,3,0.01639344262295082,0.009913703006957509,0.006479739615993312,84,0.03571428571428571
0.03,D_M-B_v1,D_S_v1,183,0.02185792349726776,0.6775956284153005,4,0.02185792349726776,0.014810833407984711,0.007047090089283049,124,0.03225806451612903
0.03,D_S_B2_LR,D_S_v1,183,0.453551912568306,0.6775956284153005,78,0.4262295081967213,0.30732479321568273,0.11890471498103855,129,0.6046511627906976
0.05,D_M-B_v1,D_S_B2_LR,183,0.01092896174863388,0.37158469945355194,2,0.01092896174863388,0.0040610349667054855,0.006867926781928394,68,0.029411764705882353
0.05,D_M-B_v1,D_S_v1,183,0.01092896174863388,0.546448087431694,2,0.01092896174863388,0.005972110245155126,0.0049568515034787534,100,0.02
0.05,D_S_B2_LR,D_S_v1,183,0.37158469945355194,0.546448087431694,58,0.31693989071038253,0.2030517483352743,0.11388814237510822,110,0.5272727272727272
